matchID,date,venueID,team1,team2,tossWin,tossDecision,playerOfMatch,winner,result,resultMargin
335982,2008-04-18,14,12,7,12,field,BB McCullum,7,runs,140.0
335983,2008-04-19,21,5,0,0,bat,MEK Hussey,0,runs,33.0
335984,2008-04-19,8,3,10,10,bat,MF Maharoof,3,wickets,9.0
335985,2008-04-20,32,8,12,8,bat,MV Boucher,12,wickets,5.0
335986,2008-04-20,7,7,1,1,bat,DJ Hussey,7,wickets,5.0
335987,2008-04-21,25,10,5,5,bat,SR Watson,10,wickets,6.0
335988,2008-04-22,22,1,3,1,bat,V Sehwag,3,wickets,9.0
335989,2008-04-23,15,0,8,8,field,ML Hayden,0,runs,6.0
335990,2008-04-24,22,1,10,10,field,YK Pathan,10,wickets,3.0
335991,2008-04-25,21,5,8,8,field,KC Sangakkara,5,runs,66.0
335992,2008-04-26,14,12,10,10,field,SR Watson,10,wickets,7.0
335993,2008-04-26,15,0,7,7,bat,JDP Oram,0,wickets,9.0
335994,2008-04-27,4,8,1,1,field,AC Gilchrist,1,wickets,10.0
335995,2008-04-27,21,5,3,3,bat,SM Katich,5,wickets,4.0
335996,2008-04-28,14,12,0,0,bat,MS Dhoni,0,runs,13.0
335997,2008-04-29,7,7,8,7,bat,ST Jayasuriya,8,wickets,7.0
335998,2008-04-30,8,3,12,12,field,GD McGrath,3,runs,10.0
335999,2008-05-01,22,1,5,5,field,SE Marsh,5,wickets,7.0
336000,2008-05-01,25,10,7,10,bat,SA Asnodkar,10,runs,45.0
336001,2008-05-02,15,0,3,0,bat,V Sehwag,3,wickets,8.0
336002,2008-05-25,22,1,12,1,bat,R Vinay Kumar,12,wickets,5.0
336003,2008-05-03,21,5,7,5,bat,IK Pathan,5,runs,9.0
336004,2008-05-04,4,8,3,3,field,SM Pollock,8,runs,29.0
336005,2008-05-04,25,10,0,0,bat,Sohail Tanvir,10,wickets,8.0
336006,2008-05-05,14,12,5,5,field,S Sreesanth,5,wickets,6.0
336007,2008-05-06,15,0,1,1,field,AC Gilchrist,1,wickets,7.0
336008,2008-05-07,4,8,10,8,field,A Nehra,8,wickets,7.0
336009,2008-05-08,8,3,0,0,field,MS Dhoni,0,wickets,4.0
336010,2008-05-08,7,7,12,7,bat,SC Ganguly,7,runs,5.0
336011,2008-05-09,25,10,1,10,field,YK Pathan,10,wickets,8.0
336012,2008-05-28,14,12,8,8,field,CRD Fernando,8,wickets,9.0
336013,2008-05-10,15,0,5,5,field,L Balaji,0,runs,18.0
336014,2008-05-11,22,1,7,7,bat,SC Ganguly,7,runs,23.0
336015,2008-05-11,25,10,3,10,field,SR Watson,10,wickets,3.0
336016,2008-05-12,21,5,12,12,bat,SE Marsh,5,wickets,9.0
336017,2008-05-13,7,7,3,7,bat,Shoaib Akhtar,7,runs,23.0
336018,2008-05-14,32,8,0,8,field,ST Jayasuriya,8,wickets,9.0
336019,2008-05-28,21,5,10,10,field,SE Marsh,5,runs,41.0
336020,2008-05-15,8,3,1,1,field,A Mishra,3,runs,12.0
336021,2008-05-16,32,8,7,8,field,SM Pollock,8,wickets,8.0
336022,2008-05-17,8,3,5,3,bat,DPMD Jayawardene,5,runs,6.0
336023,2008-05-17,25,10,12,12,field,GC Smith,10,runs,65.0
336024,2008-05-18,22,1,8,1,field,DJ Bravo,8,runs,25.0
336025,2008-05-18,7,7,0,7,bat,M Ntini,0,runs,3.0
336026,2008-05-19,14,12,3,3,field,SP Goswami,3,wickets,5.0
336027,2008-05-20,7,7,10,10,field,YK Pathan,10,wickets,6.0
336028,2008-05-21,32,8,5,8,field,SE Marsh,5,runs,1.0
336029,2008-05-21,15,0,12,12,bat,A Kumble,12,runs,14.0
336031,2008-05-23,21,5,1,5,field,SE Marsh,5,wickets,6.0
336032,2008-05-24,8,3,8,3,field,KD Karthik,3,wickets,5.0
336033,2008-05-24,15,0,10,10,bat,JA Morkel,10,runs,10.0
336034,2008-05-03,14,12,1,1,field,P Kumar,12,runs,3.0
336035,2008-05-25,7,7,5,5,bat,Umar Gul,7,wickets,3.0
336036,2008-05-26,25,10,8,10,field,Sohail Tanvir,10,wickets,5.0
336037,2008-05-27,22,1,0,1,bat,SK Raina,0,wickets,7.0
336038,2008-05-30,32,3,10,3,field,SR Watson,10,runs,105.0
336039,2008-05-31,32,0,5,5,bat,M Ntini,0,wickets,9.0
336040,2008-06-01,4,0,10,10,field,YK Pathan,10,wickets,3.0
392181,2009-04-18,19,0,8,0,field,SR Tendulkar,8,runs,19.0
392182,2009-04-18,19,12,10,12,bat,R Dravid,12,runs,75.0
392183,2009-04-19,19,3,5,3,field,DL Vettori,3,wickets,10.0
392184,2009-04-19,19,1,7,7,bat,RP Singh,1,wickets,8.0
392185,2009-04-20,29,12,0,0,bat,M Muralitharan,0,runs,92.0
392186,2009-04-21,13,5,7,7,field,CH Gayle,7,runs,11.0
392188,2009-04-22,19,12,1,1,bat,AC Gilchrist,1,runs,24.0
392189,2009-04-23,13,0,3,3,bat,AB de Villiers,3,runs,9.0
392190,2009-04-23,19,7,10,7,field,YK Pathan,10,tie,-1.0
392191,2009-04-24,13,12,5,12,bat,RS Bopara,5,wickets,7.0
392192,2009-04-25,13,1,8,1,bat,PP Ojha,1,runs,12.0
392194,2009-04-26,29,12,3,12,bat,TM Dilshan,3,wickets,6.0
392195,2009-04-26,19,5,10,5,bat,KC Sangakkara,5,runs,27.0
392196,2009-04-27,13,0,1,1,field,HH Gibbs,1,wickets,6.0
392197,2009-04-27,29,7,8,8,bat,SR Tendulkar,8,runs,92.0
392198,2009-04-28,30,3,10,3,bat,YK Pathan,10,wickets,5.0
392199,2009-04-29,13,12,7,7,bat,MV Boucher,12,wickets,5.0
392200,2009-04-29,13,5,8,5,bat,KC Sangakkara,5,runs,3.0
392201,2009-04-30,30,1,3,3,field,DP Nannes,3,wickets,6.0
392202,2009-04-30,30,0,10,10,field,SK Raina,0,runs,38.0
392203,2009-05-01,2,7,8,8,bat,JP Duminy,8,runs,9.0
392204,2009-05-01,13,12,5,12,bat,Yuvraj Singh,12,runs,8.0
392205,2009-05-02,29,1,10,1,bat,YK Pathan,10,wickets,3.0
392206,2009-05-02,18,0,3,3,field,SB Jakati,0,runs,18.0
392207,2009-05-03,29,5,7,7,bat,DPMD Jayawardene,5,wickets,6.0
392208,2009-05-03,18,12,8,8,bat,JH Kallis,12,wickets,9.0
392209,2009-05-04,2,0,1,0,bat,MS Dhoni,0,runs,78.0
392210,2009-05-05,13,5,10,5,field,GC Smith,10,runs,78.0
392211,2009-05-05,13,3,7,7,bat,G Gambhir,3,wickets,9.0
392212,2009-05-06,30,1,8,1,bat,RG Sharma,1,runs,19.0
392213,2009-05-07,30,12,10,10,field,A Singh,10,wickets,7.0
392214,2009-05-07,30,0,5,0,bat,ML Hayden,0,runs,12.0
392215,2009-05-08,2,3,8,8,bat,A Nehra,3,wickets,7.0
392216,2009-05-09,3,1,5,5,field,DPMD Jayawardene,5,wickets,3.0
392217,2009-05-09,3,0,10,10,bat,S Badrinath,0,wickets,7.0
392218,2009-05-10,29,12,8,8,bat,JP Duminy,8,runs,16.0
392219,2009-05-10,18,3,7,3,field,A Mishra,3,wickets,7.0
392220,2009-05-11,3,1,10,1,bat,DR Smith,1,runs,53.0
392221,2009-05-12,30,12,7,12,field,LRPL Taylor,12,wickets,6.0
392222,2009-05-12,30,5,8,5,bat,Harbhajan Singh,8,wickets,8.0
392223,2009-05-13,13,1,3,1,field,R Bhatia,3,runs,12.0
392224,2009-05-14,13,12,0,0,bat,LRPL Taylor,12,wickets,2.0
392225,2009-05-14,13,8,10,10,bat,SK Warne,10,runs,2.0
392226,2009-05-15,20,3,5,5,field,B Lee,5,wickets,6.0
392227,2009-05-16,29,0,8,8,bat,ML Hayden,0,wickets,7.0
392228,2009-05-16,18,1,7,1,field,RG Sharma,1,wickets,6.0
392229,2009-05-17,18,1,5,1,field,Yuvraj Singh,5,runs,1.0
392230,2009-05-17,20,3,10,3,bat,AB de Villiers,3,runs,14.0
392231,2009-05-18,30,0,7,0,bat,BJ Hodge,7,wickets,7.0
392232,2009-05-19,18,12,3,3,bat,JH Kallis,12,wickets,7.0
392233,2009-05-20,13,7,10,7,field,LR Shukla,7,wickets,4.0
392234,2009-05-20,13,0,5,0,bat,M Muralitharan,0,runs,24.0
392235,2009-05-21,30,3,8,3,field,V Sehwag,3,wickets,4.0
392236,2009-05-21,30,12,1,12,bat,MK Pandey,12,runs,12.0
392237,2009-05-22,30,3,1,1,field,AC Gilchrist,1,wickets,6.0
392238,2009-05-23,18,12,0,12,field,MK Pandey,12,wickets,6.0
392239,2009-05-24,18,12,1,12,field,A Kumble,1,runs,6.0
419106,2010-03-12,4,1,7,1,field,AD Mathews,7,runs,11.0
419107,2010-03-13,1,8,10,8,bat,YK Pathan,8,runs,4.0
419108,2010-03-13,21,5,3,3,field,G Gambhir,3,wickets,5.0
419109,2010-03-14,7,7,12,7,field,MK Tiwary,7,wickets,7.0
419110,2010-03-14,15,0,1,1,bat,WPUJC Vaas,1,runs,31.0
419111,2010-03-15,23,10,3,3,field,V Sehwag,3,wickets,6.0
419112,2010-03-16,14,12,5,5,bat,JH Kallis,12,wickets,8.0
419113,2010-03-16,7,7,0,0,bat,MS Dhoni,0,runs,55.0
419114,2010-03-17,8,3,8,3,field,SR Tendulkar,8,runs,98.0
419115,2010-03-18,14,12,10,12,field,JH Kallis,12,wickets,10.0
419116,2010-03-19,8,3,0,3,bat,ML Hayden,0,wickets,5.0
419117,2010-03-19,0,1,5,5,field,A Symonds,1,runs,6.0
419118,2010-03-20,23,10,7,10,bat,AA Jhunjhunwala,10,runs,34.0
419119,2010-03-20,1,8,12,8,bat,JH Kallis,12,wickets,7.0
419120,2010-03-21,0,1,3,1,bat,A Symonds,1,runs,10.0
419121,2010-03-21,15,0,5,0,field,J Theron,5,tie,-1.0
419122,2010-03-22,1,8,7,7,bat,SR Tendulkar,8,wickets,7.0
419123,2010-03-23,14,12,0,0,field,RV Uthappa,12,runs,36.0
419124,2010-03-24,21,5,10,5,field,AC Voges,10,runs,31.0
419125,2010-03-25,1,8,0,8,field,SR Tendulkar,8,wickets,5.0
419126,2010-03-26,23,10,1,1,bat,YK Pathan,10,wickets,8.0
419127,2010-03-27,21,5,7,7,bat,MK Tiwary,7,runs,39.0
419128,2010-03-25,14,12,3,12,field,KM Jadhav,3,runs,17.0
419129,2010-03-28,23,10,0,10,bat,NV Ojha,10,runs,17.0
419130,2010-03-28,4,1,8,1,field,Harbhajan Singh,8,runs,41.0
419131,2010-03-29,8,3,7,3,bat,DA Warner,3,runs,40.0
419132,2010-03-30,1,8,5,8,field,SL Malinga,8,wickets,4.0
419133,2010-03-31,15,0,12,12,bat,M Vijay,0,wickets,5.0
419134,2010-03-31,8,3,10,3,bat,KD Karthik,3,runs,67.0
419135,2010-04-01,7,7,1,7,bat,SC Ganguly,7,runs,24.0
419136,2010-04-02,21,5,12,5,bat,KP Pietersen,12,wickets,6.0
419137,2010-04-03,15,0,10,0,bat,M Vijay,0,runs,23.0
419138,2010-04-03,1,8,1,8,bat,AT Rayudu,8,runs,63.0
419139,2010-04-04,7,7,5,7,bat,DPMD Jayawardene,5,wickets,8.0
419140,2010-04-04,8,3,12,3,bat,PD Collingwood,3,runs,37.0
419141,2010-04-05,31,1,10,10,bat,SK Warne,10,runs,2.0
419142,2010-04-06,15,0,8,0,bat,SK Raina,0,runs,24.0
419143,2010-04-07,25,10,5,5,bat,MJ Lumb,10,wickets,9.0
419144,2010-04-07,7,7,3,7,bat,SC Ganguly,7,runs,14.0
419145,2010-04-08,14,12,1,1,field,TL Suman,1,wickets,7.0
419146,2010-04-09,21,5,8,8,bat,KC Sangakkara,5,wickets,6.0
419147,2010-04-10,31,1,0,0,bat,RJ Harris,1,wickets,6.0
419148,2010-04-10,14,12,7,12,field,R Vinay Kumar,12,wickets,7.0
419149,2010-04-11,8,3,5,3,bat,PP Chawla,5,wickets,7.0
419150,2010-04-11,25,10,8,10,field,SR Tendulkar,8,runs,37.0
419151,2010-04-12,31,1,12,12,field,Harmeet Singh,1,runs,13.0
419152,2010-04-13,1,8,3,8,bat,KA Pollard,8,runs,39.0
419153,2010-04-13,15,0,7,7,bat,R Ashwin,0,wickets,9.0
419154,2010-04-14,25,10,12,10,bat,KP Pietersen,12,wickets,5.0
419155,2010-04-15,15,0,3,0,bat,G Gambhir,3,wickets,6.0
419156,2010-04-16,10,5,1,1,field,RG Sharma,1,wickets,5.0
419157,2010-04-17,14,12,8,12,field,R McLaren,8,runs,57.0
419158,2010-04-17,7,7,10,10,bat,JD Unadkat,7,wickets,8.0
419159,2010-04-18,10,5,0,0,field,MS Dhoni,0,wickets,6.0
419160,2010-04-18,8,3,1,1,bat,A Symonds,1,runs,11.0
419161,2010-04-19,7,7,8,8,bat,M Kartik,7,wickets,9.0
419162,2010-04-21,4,12,8,8,bat,KA Pollard,8,runs,35.0
419163,2010-04-22,4,0,1,0,bat,DE Bollinger,0,runs,38.0
419164,2010-04-24,4,12,1,1,bat,A Kumble,12,wickets,9.0
419165,2010-04-25,4,0,8,0,bat,SK Raina,0,runs,22.0
501198,2011-04-08,15,0,7,0,bat,S Anirudha,0,runs,2.0
501199,2011-04-09,22,1,10,10,field,SK Trivedi,10,wickets,8.0
501200,2011-04-09,17,6,12,6,bat,AB de Villiers,12,wickets,6.0
501201,2011-04-10,8,3,8,3,bat,SL Malinga,8,wickets,8.0
501202,2011-04-10,4,9,5,5,bat,SB Wagh,9,wickets,7.0
501203,2011-04-11,7,7,1,7,bat,JH Kallis,7,runs,9.0
501204,2011-04-12,25,10,3,3,bat,SK Warne,10,wickets,6.0
501205,2011-04-12,14,12,8,8,field,SR Tendulkar,8,wickets,9.0
501206,2011-04-13,21,5,0,5,field,PC Valthaty,5,wickets,6.0
501207,2011-04-13,4,9,6,6,bat,MD Mishra,9,wickets,4.0
501208,2011-04-14,22,1,12,12,field,DW Steyn,1,runs,33.0
501209,2011-04-15,25,10,7,7,field,G Gambhir,7,wickets,9.0
501210,2011-04-15,32,8,6,6,field,BB McCullum,6,wickets,8.0
501211,2011-04-16,15,0,12,0,bat,MEK Hussey,0,runs,21.0
501212,2011-04-16,22,1,5,5,field,PC Valthaty,5,wickets,8.0
501213,2011-04-17,4,9,3,3,field,Yuvraj Singh,3,wickets,3.0
501214,2011-04-17,7,7,10,7,field,L Balaji,7,wickets,8.0
501215,2011-04-18,17,6,0,6,field,BB McCullum,6,wickets,7.0
501216,2011-04-19,8,3,1,1,bat,S Sohal,1,runs,16.0
501218,2011-04-20,32,8,9,9,bat,MM Patel,8,wickets,7.0
501219,2011-04-20,7,7,6,7,field,DPMD Jayawardene,6,runs,6.0
501220,2011-04-21,21,5,10,10,field,SE Marsh,5,runs,48.0
501221,2011-04-22,32,8,0,0,field,Harbhajan Singh,8,runs,8.0
501222,2011-04-22,7,7,12,12,field,CH Gayle,12,wickets,9.0
501223,2011-04-23,8,3,5,5,field,DA Warner,3,runs,29.0
501224,2011-04-24,22,1,8,1,field,SL Malinga,8,runs,37.0
501225,2011-04-24,25,10,6,10,field,SK Warne,10,wickets,8.0
501226,2011-04-25,15,0,9,9,field,MEK Hussey,0,runs,25.0
501227,2011-04-26,8,3,12,12,field,V Kohli,12,wickets,3.0
501228,2011-04-27,4,9,0,9,bat,DE Bollinger,0,wickets,8.0
501229,2011-04-27,17,6,1,6,field,I Sharma,1,runs,55.0
501230,2011-04-28,8,3,7,3,field,MK Tiwary,7,runs,17.0
501231,2011-04-29,25,10,8,10,field,J Botha,10,wickets,7.0
501232,2011-04-29,14,12,9,9,field,V Kohli,12,runs,26.0
501233,2011-04-30,17,6,3,3,bat,V Sehwag,3,runs,38.0
501234,2011-04-30,7,7,5,7,field,Iqbal Abdulla,7,wickets,8.0
501235,2011-05-01,25,10,9,10,field,LRPL Taylor,10,wickets,6.0
501236,2011-05-01,15,0,1,0,bat,JA Morkel,0,runs,19.0
501237,2011-05-02,32,8,5,5,field,KA Pollard,8,runs,23.0
501238,2011-05-02,8,3,6,6,field,P Parameswaran,6,wickets,7.0
501239,2011-05-03,22,1,7,1,field,YK Pathan,7,runs,20.0
501240,2011-05-04,15,0,10,10,bat,MEK Hussey,0,wickets,8.0
501241,2011-05-04,4,9,8,9,field,R Sharma,8,runs,21.0
501242,2011-05-05,17,6,7,7,field,BJ Hodge,6,runs,17.0
501243,2011-05-05,22,1,3,3,field,V Sehwag,3,wickets,4.0
501244,2011-05-06,14,12,5,5,field,CH Gayle,12,runs,85.0
501245,2011-05-07,7,7,0,0,bat,Iqbal Abdulla,7,runs,10.0
501246,2011-05-07,32,8,3,3,field,AT Rayudu,8,runs,32.0
501247,2011-05-08,14,12,6,6,bat,CH Gayle,12,wickets,9.0
501248,2011-05-08,21,5,9,5,bat,R Sharma,9,wickets,5.0
501249,2011-05-09,25,10,0,10,field,M Vijay,0,runs,63.0
501250,2011-05-10,22,1,9,1,bat,MR Marsh,9,wickets,6.0
501251,2011-05-10,21,5,8,8,field,BA Bhatt,5,runs,76.0
501252,2011-05-11,25,10,12,12,field,S Aravind,12,wickets,9.0
501253,2011-05-12,15,0,3,0,bat,MS Dhoni,0,runs,18.0
501254,2011-05-13,11,6,5,5,field,KD Karthik,5,wickets,6.0
501255,2011-05-14,14,12,7,12,field,CH Gayle,12,wickets,4.0
501256,2011-05-14,32,8,1,1,bat,A Mishra,1,runs,10.0
501257,2011-05-15,10,5,3,3,field,PP Chawla,5,runs,29.0
501258,2011-05-15,11,6,10,6,field,BJ Hodge,6,wickets,8.0
501259,2011-05-16,4,9,1,1,field,A Mishra,1,wickets,6.0
501260,2011-05-17,10,5,12,5,bat,AC Gilchrist,5,runs,111.0
501261,2011-05-18,15,0,6,0,bat,WP Saha,0,runs,11.0
501262,2011-05-19,4,9,7,7,field,YK Pathan,7,wickets,7.0
501263,2011-05-20,32,8,10,8,bat,SR Watson,10,wickets,10.0
501264,2011-05-21,10,5,1,5,field,S Dhawan,1,runs,82.0
501265,2011-05-21,8,3,9,3,bat,,,,-1.0
501266,2011-05-22,14,12,0,12,field,CH Gayle,12,wickets,8.0
501267,2011-05-22,7,7,8,8,field,JEC Franklin,8,wickets,5.0
501268,2011-05-24,32,12,0,0,field,SK Raina,0,wickets,6.0
501269,2011-05-25,32,8,7,8,field,MM Patel,8,wickets,4.0
501270,2011-05-27,15,12,8,8,field,CH Gayle,12,runs,43.0
501271,2011-05-28,15,0,12,0,bat,M Vijay,0,runs,58.0
548306,2012-04-04,15,0,8,8,field,RE Levi,8,wickets,8.0
548307,2012-04-05,7,7,3,3,field,IK Pathan,3,wickets,8.0
548308,2012-04-06,32,8,9,8,field,SPD Smith,9,runs,28.0
548309,2012-04-06,25,10,5,5,field,AM Rahane,10,runs,31.0
548310,2012-04-07,14,12,3,3,field,AB de Villiers,12,runs,20.0
548311,2012-04-07,5,1,0,1,field,RA Jadeja,0,runs,74.0
548312,2012-04-08,25,10,7,7,field,BJ Hodge,10,runs,22.0
548313,2012-04-08,16,9,5,9,bat,MN Samuels,9,runs,22.0
548314,2012-04-09,5,1,8,1,bat,RG Sharma,8,wickets,5.0
548315,2012-04-10,14,12,7,12,field,L Balaji,7,runs,42.0
548316,2012-04-10,8,3,0,3,field,M Morkel,3,wickets,8.0
548317,2012-04-11,32,8,10,10,field,KA Pollard,8,runs,27.0
548318,2012-04-12,15,0,12,12,bat,F du Plessis,0,wickets,5.0
548319,2012-04-12,21,5,9,5,field,AD Mascarenhas,5,wickets,7.0
548320,2012-04-13,7,7,10,10,bat,Shakib Al Hasan,7,wickets,5.0
548321,2012-04-19,8,3,1,1,bat,KP Pietersen,3,wickets,5.0
548322,2012-04-14,16,9,0,0,bat,JD Ryder,9,wickets,7.0
548323,2012-04-15,7,7,5,7,field,SP Narine,5,runs,2.0
548324,2012-04-15,14,12,10,10,bat,AM Rahane,10,runs,59.0
548325,2012-04-16,32,8,3,3,field,S Nadeem,3,wickets,7.0
548326,2012-04-17,25,10,1,1,bat,BJ Hodge,10,wickets,5.0
548327,2012-04-17,14,12,9,9,bat,CH Gayle,12,wickets,6.0
548328,2012-04-18,21,5,7,5,bat,G Gambhir,7,wickets,8.0
548329,2012-05-10,22,1,3,1,bat,DA Warner,3,wickets,9.0
548330,2012-04-19,15,0,9,9,field,KMDN Kulasekara,0,runs,13.0
548331,2012-04-20,21,5,12,12,field,CH Gayle,12,wickets,5.0
548332,2012-04-21,15,0,10,10,bat,F du Plessis,0,wickets,7.0
548333,2012-04-21,8,3,9,3,field,SC Ganguly,9,runs,20.0
548334,2012-04-22,32,8,5,8,bat,SE Marsh,5,wickets,6.0
548335,2012-04-22,0,1,7,7,field,B Lee,7,wickets,5.0
548336,2012-04-23,25,10,12,10,field,AB de Villiers,12,runs,46.0
548337,2012-04-24,16,9,3,9,bat,V Sehwag,3,wickets,8.0
548339,2012-04-25,21,5,8,5,bat,AT Rayudu,8,wickets,4.0
548341,2012-04-26,16,9,1,1,bat,CL White,1,runs,18.0
548342,2012-04-27,8,3,8,8,field,V Sehwag,3,runs,37.0
548343,2012-04-28,15,0,5,5,bat,Mandeep Singh,5,runs,7.0
548344,2012-04-28,7,7,12,7,bat,G Gambhir,7,runs,47.0
548345,2012-04-29,8,3,10,3,bat,V Sehwag,3,runs,1.0
548346,2012-04-29,32,8,1,8,field,DW Steyn,8,wickets,5.0
548347,2012-04-30,15,0,7,0,bat,G Gambhir,7,wickets,5.0
548348,2012-05-01,0,1,9,1,bat,KC Sangakkara,1,runs,13.0
548349,2012-05-01,25,10,3,10,bat,P Negi,3,wickets,6.0
548350,2012-05-02,14,12,5,5,field,Azhar Mahmood,5,wickets,4.0
548351,2012-05-03,16,9,8,8,bat,SL Malinga,8,runs,1.0
548352,2012-05-04,15,0,1,0,bat,SK Raina,0,runs,10.0
548353,2012-05-05,7,7,9,7,bat,SP Narine,7,runs,7.0
548354,2012-05-05,21,5,10,10,bat,SR Watson,10,runs,43.0
548355,2012-05-06,32,8,0,8,field,DR Smith,8,wickets,2.0
548356,2012-05-06,14,12,1,12,field,AB de Villiers,12,wickets,5.0
548357,2012-05-07,8,3,7,3,bat,JH Kallis,7,wickets,6.0
548358,2012-05-08,16,9,10,9,bat,SR Watson,10,wickets,7.0
548359,2012-05-08,22,1,5,1,field,Mandeep Singh,5,runs,25.0
548360,2012-05-09,32,8,12,12,field,CH Gayle,12,wickets,9.0
548361,2012-05-10,25,10,0,0,field,BW Hilfenhaus,0,wickets,4.0
548362,2012-05-11,16,9,12,9,field,CH Gayle,12,runs,35.0
548363,2012-05-12,7,7,8,8,bat,RG Sharma,8,runs,27.0
548364,2012-05-12,15,0,3,0,field,BW Hilfenhaus,0,wickets,9.0
548365,2012-05-13,25,10,9,10,bat,A Chandila,10,runs,45.0
548366,2012-05-13,21,5,1,1,bat,DJ Hussey,5,wickets,4.0
548367,2012-05-14,14,12,8,8,field,AT Rayudu,8,wickets,5.0
548368,2012-05-14,7,7,0,0,field,MEK Hussey,0,wickets,5.0
548369,2012-05-15,8,3,5,5,bat,UT Yadav,3,wickets,5.0
548370,2012-05-16,32,8,7,8,field,SP Narine,7,runs,32.0
548371,2012-05-17,10,5,0,5,field,AC Gilchrist,5,wickets,6.0
548372,2012-05-17,8,3,12,3,field,CH Gayle,12,runs,21.0
548373,2012-05-18,22,1,10,10,bat,DW Steyn,1,wickets,5.0
548374,2012-05-19,10,5,3,3,field,UT Yadav,3,wickets,6.0
548375,2012-05-19,16,9,7,7,bat,Shakib Al Hasan,7,runs,34.0
548376,2012-05-20,22,1,12,12,field,DW Steyn,1,runs,9.0
548377,2012-05-20,25,10,8,10,bat,DR Smith,8,wickets,10.0
548378,2012-05-22,16,3,7,7,bat,YK Pathan,7,runs,18.0
548379,2012-05-23,14,0,8,8,field,MS Dhoni,0,runs,38.0
548380,2012-05-25,15,3,0,3,field,M Vijay,0,runs,86.0
548381,2012-05-27,15,7,0,0,bat,MS Bisla,7,wickets,5.0
597998,2013-04-03,7,7,3,7,field,SP Narine,7,wickets,6.0
597999,2013-04-04,14,12,8,8,field,CH Gayle,12,runs,2.0
598000,2013-04-05,22,13,9,9,field,A Mishra,13,runs,22.0
598001,2013-04-06,8,3,10,10,bat,R Dravid,10,runs,5.0
598002,2013-04-06,15,0,8,8,bat,KA Pollard,8,runs,9.0
598003,2013-04-07,16,9,5,9,bat,M Vohra,5,wickets,8.0
598004,2013-04-07,22,13,12,12,bat,GH Vihari,13,tie,-1.0
598005,2013-04-08,25,10,7,7,field,SK Trivedi,10,runs,19.0
598006,2013-04-09,32,8,3,8,bat,KD Karthik,8,runs,44.0
598007,2013-04-10,21,5,0,0,field,MEK Hussey,0,wickets,10.0
598008,2013-04-11,14,12,7,12,field,CH Gayle,12,wickets,8.0
598009,2013-04-11,16,9,10,10,bat,AJ Finch,9,wickets,7.0
598010,2013-04-12,8,3,13,3,bat,A Mishra,13,wickets,3.0
598011,2013-04-13,32,8,9,8,bat,RG Sharma,8,runs,41.0
598012,2013-04-13,15,0,12,0,field,RA Jadeja,0,wickets,4.0
598013,2013-04-14,7,7,13,7,bat,G Gambhir,7,runs,48.0
598014,2013-04-14,25,10,5,10,field,JP Faulkner,10,wickets,6.0
598015,2013-04-15,15,0,9,9,bat,SPD Smith,9,runs,24.0
598016,2013-04-16,21,5,7,7,field,MS Gony,5,runs,4.0
598017,2013-04-16,14,12,3,12,field,V Kohli,12,tie,-1.0
598018,2013-04-17,16,9,13,9,field,A Mishra,13,runs,11.0
598019,2013-04-17,25,10,8,10,bat,AM Rahane,10,runs,87.0
598020,2013-04-18,8,3,0,0,bat,MEK Hussey,0,runs,86.0
598021,2013-04-19,22,13,5,5,bat,GH Vihari,13,wickets,5.0
598022,2013-04-20,7,7,0,7,bat,RA Jadeja,0,wickets,4.0
598023,2013-04-20,14,12,10,12,field,R Vinay Kumar,12,wickets,7.0
598024,2013-04-21,8,3,8,8,bat,V Sehwag,3,wickets,9.0
598025,2013-04-21,21,5,9,5,field,DA Miller,5,wickets,7.0
598026,2013-04-22,15,0,10,10,bat,MEK Hussey,0,wickets,5.0
598027,2013-04-23,14,12,9,9,field,CH Gayle,12,runs,130.0
598028,2013-05-16,10,5,3,3,field,DA Miller,5,runs,7.0
598029,2013-04-24,7,7,8,7,bat,DR Smith,8,wickets,5.0
598030,2013-04-25,15,0,13,13,bat,MS Dhoni,0,wickets,5.0
598031,2013-04-26,7,7,5,5,bat,JH Kallis,7,wickets,6.0
598032,2013-04-27,25,10,13,13,bat,JP Faulkner,10,wickets,8.0
598033,2013-04-27,32,8,12,8,bat,DR Smith,8,runs,58.0
598034,2013-04-28,15,0,7,7,field,MEK Hussey,0,runs,14.0
598035,2013-04-28,26,3,9,9,field,DA Warner,3,runs,15.0
598036,2013-04-29,25,10,12,10,field,SV Samson,10,wickets,4.0
598037,2013-04-29,32,8,5,8,bat,RG Sharma,8,runs,4.0
598038,2013-04-30,16,9,0,0,bat,MS Dhoni,0,runs,37.0
598039,2013-05-01,22,13,8,8,bat,I Sharma,13,wickets,7.0
598040,2013-05-01,26,3,7,7,bat,DA Warner,3,wickets,7.0
598041,2013-05-02,15,0,5,0,bat,SK Raina,0,runs,15.0
598042,2013-05-02,16,9,12,12,bat,AB de Villiers,12,runs,17.0
598043,2013-05-03,7,7,10,10,bat,YK Pathan,7,wickets,8.0
598044,2013-05-04,22,13,3,3,bat,DJG Sammy,13,wickets,6.0
598045,2013-05-14,14,12,5,5,field,AC Gilchrist,5,wickets,7.0
598046,2013-05-05,32,8,0,8,bat,MG Johnson,8,runs,60.0
598047,2013-05-05,25,10,9,9,bat,AM Rahane,10,wickets,5.0
598048,2013-04-09,14,12,13,13,bat,V Kohli,12,wickets,7.0
598049,2013-05-07,25,10,3,3,bat,AM Rahane,10,wickets,9.0
598050,2013-05-07,32,8,7,8,bat,SR Tendulkar,8,runs,65.0
598051,2013-05-08,22,13,0,13,field,SK Raina,0,runs,77.0
598052,2013-05-09,21,5,10,10,field,KK Cooper,10,wickets,8.0
598053,2013-05-09,16,9,7,7,bat,G Gambhir,7,runs,46.0
598054,2013-05-10,8,3,12,3,field,JD Unadkat,12,runs,4.0
598055,2013-05-11,16,9,8,9,bat,MG Johnson,8,wickets,5.0
598056,2013-05-11,21,5,13,5,field,PA Patel,13,runs,30.0
598057,2013-05-12,12,7,12,7,field,JH Kallis,7,wickets,5.0
598058,2013-05-12,25,10,0,10,field,SR Watson,10,wickets,5.0
598059,2013-04-23,8,3,5,5,field,Harmeet Singh,5,wickets,5.0
598060,2013-05-13,32,8,13,13,bat,KA Pollard,8,wickets,7.0
598061,2013-05-15,12,7,9,7,field,MK Pandey,9,runs,7.0
598062,2013-05-14,15,0,3,0,bat,MS Dhoni,0,runs,33.0
598063,2013-05-15,32,8,10,10,field,AP Tare,8,runs,14.0
598064,2013-05-06,21,5,12,5,field,DA Miller,5,wickets,6.0
598065,2013-05-17,22,13,10,13,bat,A Mishra,13,runs,23.0
598066,2013-05-18,10,5,8,8,field,Azhar Mahmood,5,runs,50.0
598067,2013-05-19,16,9,3,9,bat,LJ Wright,9,runs,38.0
598068,2013-05-18,14,12,0,0,field,V Kohli,12,runs,24.0
598069,2013-05-19,22,13,7,7,bat,PA Patel,13,wickets,5.0
598070,2013-05-21,8,0,8,0,bat,MEK Hussey,0,runs,48.0
598071,2013-05-22,8,10,13,13,bat,BJ Hodge,10,wickets,4.0
598072,2013-05-24,7,8,10,10,bat,Harbhajan Singh,8,wickets,4.0
598073,2013-05-26,7,0,8,8,bat,KA Pollard,8,runs,23.0
729279,2014-04-16,28,8,7,7,bat,JH Kallis,7,runs,41.0
729281,2014-04-17,27,3,12,12,field,YS Chahal,12,wickets,8.0
729283,2014-04-18,28,0,5,0,bat,GJ Maxwell,5,wickets,6.0
729285,2014-04-18,28,13,10,10,field,AM Rahane,10,wickets,4.0
729287,2014-04-19,6,12,8,12,field,PA Patel,12,wickets,7.0
729289,2014-04-19,6,7,3,7,bat,JP Duminy,3,wickets,4.0
729291,2014-04-20,27,10,5,5,field,GJ Maxwell,5,wickets,7.0
729293,2014-04-21,28,0,3,0,bat,SK Raina,0,runs,93.0
729295,2014-04-22,27,5,13,13,field,GJ Maxwell,5,runs,72.0
729297,2014-04-23,6,10,0,10,field,RA Jadeja,0,runs,7.0
729299,2014-04-24,27,12,7,12,field,CA Lynn,7,runs,2.0
729301,2014-04-25,6,13,3,13,bat,AJ Finch,13,runs,4.0
729303,2014-04-25,6,0,8,8,bat,MM Sharma,0,wickets,7.0
729305,2014-04-26,28,10,12,10,field,PV Tambe,10,wickets,6.0
729307,2014-04-26,28,7,5,7,field,Sandeep Sharma,5,runs,23.0
729309,2014-04-27,27,3,8,8,bat,M Vijay,3,wickets,6.0
729311,2014-04-27,27,13,0,13,bat,DR Smith,0,wickets,5.0
729313,2014-04-28,6,5,12,5,field,Sandeep Sharma,5,wickets,5.0
729315,2014-04-29,28,7,10,10,bat,JP Faulkner,10,tie,-1.0
729317,2014-04-30,6,8,13,8,field,B Kumar,13,runs,15.0
733971,2014-05-02,12,0,7,0,bat,RA Jadeja,0,runs,34.0
733973,2014-05-03,32,8,5,5,bat,CJ Anderson,8,wickets,5.0
733975,2014-05-03,8,3,10,10,field,KK Nair,10,wickets,7.0
733977,2014-05-04,14,12,13,12,field,AB de Villiers,12,wickets,4.0
733979,2014-05-05,23,10,7,7,field,PV Tambe,10,runs,10.0
733981,2014-05-05,8,3,0,0,field,DR Smith,0,wickets,8.0
733983,2014-05-06,32,8,12,12,field,RG Sharma,8,runs,19.0
733985,2014-05-07,8,3,7,3,bat,G Gambhir,7,wickets,8.0
733987,2014-05-07,0,5,0,0,field,GJ Maxwell,5,runs,44.0
733989,2014-05-08,23,10,13,10,field,B Kumar,13,runs,32.0
733991,2014-05-09,14,12,5,12,field,Sandeep Sharma,5,runs,32.0
733993,2014-05-10,8,3,13,13,field,DW Steyn,13,wickets,8.0
733995,2014-05-10,32,8,0,0,field,DR Smith,0,wickets,4.0
733997,2014-05-11,0,5,7,7,field,G Gambhir,7,wickets,9.0
733999,2014-05-11,14,12,10,12,bat,JP Faulkner,10,wickets,5.0
734001,2014-05-12,22,13,8,13,bat,AT Rayudu,8,wickets,7.0
734003,2014-05-13,12,0,10,10,bat,RA Jadeja,0,wickets,5.0
734005,2014-05-13,14,12,3,3,field,Yuvraj Singh,12,runs,16.0
734007,2014-05-14,22,13,5,5,field,WP Saha,5,wickets,6.0
734009,2014-05-14,0,7,8,7,field,RV Uthappa,7,wickets,6.0
734011,2014-05-15,23,10,3,3,field,AM Rahane,10,runs,62.0
734013,2014-05-18,12,0,12,0,bat,AB de Villiers,12,wickets,5.0
734015,2014-05-18,22,13,7,13,bat,UT Yadav,7,wickets,7.0
734017,2014-05-19,23,10,8,8,bat,MEK Hussey,8,runs,25.0
734019,2014-05-19,8,3,5,5,field,AR Patel,5,wickets,4.0
734021,2014-05-20,22,13,12,12,bat,DA Warner,13,wickets,7.0
734023,2014-05-20,7,7,0,7,field,RV Uthappa,7,wickets,8.0
734025,2014-05-21,21,5,8,8,field,LMP Simmons,8,wickets,7.0
734027,2014-05-22,7,7,12,12,field,RV Uthappa,7,runs,30.0
734029,2014-05-22,12,0,13,13,field,DA Warner,13,wickets,6.0
734031,2014-05-23,32,8,3,3,field,MEK Hussey,8,runs,15.0
734033,2014-05-23,21,5,10,10,field,SE Marsh,5,runs,16.0
734035,2014-05-24,14,12,0,0,field,MS Dhoni,0,wickets,8.0
734037,2014-05-24,7,7,13,7,field,YK Pathan,7,wickets,4.0
734039,2014-05-25,21,5,3,5,field,M Vohra,5,wickets,7.0
734041,2014-05-25,32,8,10,8,field,CJ Anderson,8,wickets,5.0
734043,2014-05-27,7,5,7,5,field,UT Yadav,7,runs,28.0
734045,2014-05-28,1,0,8,0,field,SK Raina,0,wickets,7.0
734047,2014-05-30,32,0,5,0,field,V Sehwag,5,runs,24.0
734049,2014-06-01,14,7,5,7,field,MK Pandey,7,wickets,3.0
829705,2015-04-08,7,7,8,7,field,M Morkel,7,wickets,7.0
829707,2015-04-09,15,0,3,3,field,A Nehra,0,runs,1.0
829709,2015-04-10,16,5,10,5,field,JP Faulkner,10,runs,26.0
829711,2015-04-11,15,0,13,0,bat,BB McCullum,0,runs,45.0
829713,2015-04-11,7,7,12,12,field,CH Gayle,12,wickets,3.0
829715,2015-04-12,8,3,10,10,field,DJ Hooda,10,wickets,3.0
829717,2015-04-12,32,8,5,8,field,GJ Bailey,5,runs,18.0
829719,2015-04-13,14,12,13,13,field,DA Warner,13,wickets,8.0
829721,2015-04-14,23,10,8,8,bat,SPD Smith,10,wickets,7.0
829723,2015-04-30,7,7,0,7,field,AD Russell,7,wickets,7.0
829725,2015-04-15,16,5,3,5,bat,MA Agarwal,3,wickets,5.0
829727,2015-04-16,5,13,10,10,field,AM Rahane,10,wickets,6.0
829729,2015-04-17,32,8,0,8,bat,A Nehra,0,wickets,6.0
829731,2015-04-18,5,13,3,3,bat,JP Duminy,3,runs,4.0
829733,2015-04-18,16,5,7,7,field,AD Russell,7,wickets,4.0
829735,2015-04-19,23,10,0,0,bat,AM Rahane,10,wickets,8.0
829737,2015-04-19,14,12,8,12,field,Harbhajan Singh,8,runs,18.0
829739,2015-04-20,8,3,7,7,field,UT Yadav,7,wickets,6.0
829741,2015-04-21,23,10,5,5,field,SE Marsh,5,tie,-1.0
829743,2015-04-22,5,13,7,7,field,DA Warner,13,runs,16.0
829745,2015-04-22,14,12,0,12,field,SK Raina,0,runs,27.0
829747,2015-04-23,8,3,8,8,field,SS Iyer,3,runs,37.0
829749,2015-04-24,23,10,12,12,field,MA Starc,12,wickets,9.0
829751,2015-04-25,32,8,13,8,bat,SL Malinga,8,runs,20.0
829753,2015-04-25,15,0,5,0,bat,BB McCullum,0,runs,97.0
829757,2015-04-26,8,3,12,12,field,VR Aaron,12,wickets,10.0
829759,2015-04-27,21,5,13,5,field,TA Boult,13,runs,20.0
829761,2015-05-07,7,7,3,7,bat,PP Chawla,7,runs,13.0
829763,2015-04-29,14,12,10,10,field,,,,-1.0
829765,2015-04-28,15,0,7,7,field,DJ Bravo,0,runs,2.0
829767,2015-05-01,8,3,5,3,field,NM Coulter-Nile,3,wickets,9.0
829769,2015-05-01,32,8,10,10,field,AT Rayudu,8,runs,8.0
829771,2015-05-02,14,12,7,12,field,Mandeep Singh,12,wickets,7.0
829773,2015-05-02,22,13,0,0,field,DA Warner,13,runs,22.0
829775,2015-05-03,21,5,8,8,bat,LMP Simmons,8,runs,23.0
829777,2015-05-03,1,10,3,3,field,AM Rahane,10,runs,14.0
829779,2015-05-04,15,0,12,0,bat,SK Raina,0,runs,24.0
829781,2015-05-04,7,7,13,13,field,UT Yadav,7,runs,35.0
829783,2015-05-05,32,8,3,3,bat,Harbhajan Singh,8,wickets,5.0
829785,2015-05-06,14,12,5,5,field,CH Gayle,12,runs,138.0
829787,2015-05-07,1,10,13,10,field,EJG Morgan,13,runs,7.0
829789,2015-05-08,15,0,8,0,bat,HH Pandya,8,wickets,6.0
829791,2015-05-09,7,7,5,5,bat,AD Russell,7,wickets,1.0
829793,2015-05-09,26,3,13,13,bat,MC Henriques,13,runs,6.0
829795,2015-05-10,32,8,12,12,bat,AB de Villiers,12,runs,39.0
829797,2015-05-10,15,0,10,0,bat,RA Jadeja,0,runs,12.0
829799,2015-05-11,22,13,5,13,bat,DA Warner,13,runs,5.0
829801,2015-05-12,26,3,0,0,bat,Z Khan,3,wickets,6.0
829803,2015-05-13,21,5,12,12,field,AR Patel,5,runs,22.0
829805,2015-05-14,32,8,7,7,field,HH Pandya,8,runs,5.0
829807,2015-05-15,22,13,12,13,bat,V Kohli,12,wickets,6.0
829809,2015-05-16,21,5,0,5,bat,P Negi,0,wickets,7.0
829811,2015-05-16,1,10,7,10,bat,SR Watson,10,runs,9.0
829813,2015-05-17,14,12,3,12,field,,,,-1.0
829815,2015-05-17,22,13,8,13,bat,MJ McClenaghan,8,wickets,9.0
829817,2015-05-19,32,0,8,8,bat,KA Pollard,8,runs,25.0
829819,2015-05-20,16,12,10,12,bat,AB de Villiers,12,runs,71.0
829821,2015-05-22,12,0,12,0,field,A Nehra,0,wickets,3.0
829823,2015-05-24,7,8,0,0,field,RG Sharma,8,runs,41.0
980901,2016-04-09,32,8,11,8,bat,AM Rahane,11,wickets,9.0
980903,2016-04-10,7,7,3,7,field,AD Russell,7,wickets,9.0
980905,2016-04-11,21,5,4,4,field,AJ Finch,4,wickets,5.0
980907,2016-04-12,14,12,13,13,field,AB de Villiers,12,runs,45.0
980909,2016-04-13,7,7,8,8,field,RG Sharma,8,wickets,6.0
980911,2016-04-14,24,4,11,11,bat,AJ Finch,4,wickets,7.0
980913,2016-04-15,8,3,5,3,field,A Mishra,3,wickets,8.0
980915,2016-04-16,22,13,7,13,bat,G Gambhir,7,wickets,8.0
980917,2016-04-16,32,8,4,4,field,AJ Finch,4,wickets,3.0
980919,2016-04-17,21,5,11,11,bat,M Vohra,5,wickets,6.0
980921,2016-04-17,14,12,3,3,field,Q de Kock,3,wickets,7.0
980923,2016-04-18,22,13,8,13,field,DA Warner,13,wickets,7.0
980925,2016-04-19,21,5,7,7,field,RV Uthappa,7,wickets,6.0
980927,2016-04-20,32,8,12,8,field,RG Sharma,8,wickets,6.0
980929,2016-04-21,24,4,13,13,field,B Kumar,13,wickets,10.0
980931,2016-04-22,16,11,12,11,field,AB de Villiers,12,runs,13.0
980933,2016-04-23,8,3,8,8,field,SV Samson,3,runs,10.0
980935,2016-04-23,22,13,5,13,field,Mustafizur Rahman,13,wickets,5.0
980937,2016-04-24,24,4,12,12,bat,V Kohli,4,wickets,6.0
980939,2016-04-24,16,11,7,7,field,SA Yadav,7,wickets,2.0
980941,2016-04-25,21,5,8,5,field,PA Patel,8,runs,25.0
980943,2016-04-26,22,13,11,11,field,AB Dinda,11,runs,34.0
980945,2016-04-27,8,3,4,3,field,CH Morris,4,runs,1.0
980947,2016-04-28,32,8,7,8,field,RG Sharma,8,wickets,6.0
980949,2016-04-29,16,11,4,4,field,DR Smith,4,wickets,3.0
980951,2016-04-30,8,3,7,7,field,CR Brathwaite,3,runs,27.0
980953,2016-04-30,22,13,12,12,field,DA Warner,13,runs,15.0
980955,2016-05-01,24,4,5,4,field,AR Patel,5,runs,23.0
980957,2016-05-01,16,11,8,8,field,RG Sharma,8,wickets,8.0
980959,2016-05-02,14,12,7,7,field,AD Russell,7,wickets,5.0
980961,2016-05-03,24,4,3,3,field,RR Pant,3,wickets,8.0
980963,2016-05-04,7,7,5,5,field,AD Russell,7,runs,7.0
980965,2016-05-05,8,3,11,11,field,AM Rahane,11,wickets,7.0
980967,2016-05-06,22,13,4,13,field,B Kumar,13,wickets,5.0
980969,2016-05-07,14,12,11,12,field,V Kohli,12,wickets,7.0
980971,2016-05-07,21,5,3,3,field,MP Stoinis,5,runs,9.0
980973,2016-05-08,5,8,13,8,field,A Nehra,13,runs,85.0
980975,2016-05-08,7,7,4,4,field,P Kumar,4,wickets,5.0
980977,2016-05-09,21,5,12,5,field,SR Watson,12,runs,1.0
980979,2016-05-10,5,11,13,13,bat,A Zampa,13,runs,4.0
980981,2016-05-11,14,12,8,8,field,KH Pandya,8,wickets,6.0
980983,2016-05-12,22,13,3,3,field,CH Morris,3,wickets,7.0
980985,2016-05-13,5,8,5,8,bat,MP Stoinis,5,wickets,7.0
980987,2016-05-14,14,12,4,4,field,AB de Villiers,12,runs,144.0
980989,2016-05-14,7,7,11,11,bat,YK Pathan,7,wickets,8.0
980991,2016-05-15,21,5,13,5,bat,HM Amla,13,wickets,7.0
980993,2016-05-15,5,8,3,3,field,KH Pandya,8,runs,80.0
980995,2016-05-16,7,7,12,12,field,V Kohli,12,wickets,9.0
980997,2016-05-17,5,11,3,11,field,AB Dinda,11,runs,19.0
980999,2016-05-18,14,12,5,5,field,V Kohli,12,runs,82.0
981001,2016-05-19,9,4,7,4,field,DR Smith,4,wickets,6.0
981003,2016-05-20,26,3,13,3,field,KK Nair,3,wickets,6.0
981005,2016-05-21,5,11,5,5,bat,MS Dhoni,11,wickets,4.0
981007,2016-05-21,9,4,8,4,field,SK Raina,4,wickets,6.0
981009,2016-05-22,7,7,13,13,field,YK Pathan,7,runs,22.0
981011,2016-05-22,26,3,12,12,field,V Kohli,12,wickets,6.0
981013,2016-05-24,14,4,12,12,field,AB de Villiers,12,wickets,4.0
981015,2016-05-25,8,13,7,7,field,MC Henriques,13,runs,22.0
981017,2016-05-27,8,4,13,13,field,DA Warner,13,wickets,4.0
981019,2016-05-29,14,12,13,13,bat,BCJ Cutting,13,runs,8.0
1082591,2017-04-05,22,13,12,12,field,Yuvraj Singh,13,runs,35.0
1082592,2017-04-06,16,11,8,11,field,SPD Smith,11,wickets,7.0
1082593,2017-04-07,24,4,7,7,field,CA Lynn,7,wickets,10.0
1082594,2017-04-08,11,5,11,5,field,GJ Maxwell,5,wickets,6.0
1082595,2017-04-08,14,12,3,12,bat,KM Jadhav,12,runs,15.0
1082596,2017-04-09,22,13,4,13,field,Rashid Khan,13,wickets,9.0
1082597,2017-04-09,32,8,7,8,field,N Rana,8,wickets,4.0
1082598,2017-04-10,11,5,12,12,bat,AR Patel,5,wickets,8.0
1082599,2017-04-11,16,11,3,11,field,SV Samson,3,runs,97.0
1082600,2017-04-12,32,8,13,8,field,JJ Bumrah,8,wickets,4.0
1082601,2017-04-13,7,7,5,7,field,SP Narine,7,wickets,8.0
1082602,2017-04-14,14,12,8,8,field,KA Pollard,8,wickets,4.0
1082603,2017-04-14,24,4,11,4,field,AJ Tye,4,wickets,7.0
1082604,2017-04-15,7,7,13,13,field,RV Uthappa,7,runs,17.0
1082605,2017-04-15,8,3,5,3,bat,CJ Anderson,3,runs,51.0
1082606,2017-04-16,32,8,4,8,field,N Rana,8,wickets,6.0
1082607,2017-04-16,14,12,11,12,field,BA Stokes,11,runs,27.0
1082608,2017-04-17,8,3,7,3,bat,NM Coulter-Nile,7,wickets,4.0
1082609,2017-04-17,22,13,5,5,field,B Kumar,13,runs,5.0
1082610,2017-04-18,24,4,12,4,field,CH Gayle,12,runs,21.0
1082611,2017-04-19,22,13,3,13,bat,KS Williamson,13,runs,15.0
1082612,2017-04-20,11,5,8,8,field,JC Buttler,8,wickets,8.0
1082613,2017-04-21,7,7,4,4,field,SK Raina,4,wickets,4.0
1082614,2017-04-22,32,8,3,3,field,MJ McClenaghan,8,runs,14.0
1082615,2017-04-22,16,11,13,11,field,MS Dhoni,11,wickets,6.0
1082616,2017-04-23,24,4,5,4,field,HM Amla,5,runs,26.0
1082617,2017-04-23,7,7,12,12,field,NM Coulter-Nile,7,runs,82.0
1082618,2017-04-24,32,8,11,8,field,BA Stokes,11,runs,3.0
1082620,2017-04-26,16,11,7,7,field,RV Uthappa,7,wickets,7.0
1082621,2017-04-27,14,12,4,4,field,AJ Tye,4,wickets,7.0
1082622,2017-04-28,7,7,3,7,field,G Gambhir,7,wickets,7.0
1082623,2017-04-28,21,5,13,5,field,Rashid Khan,13,runs,26.0
1082624,2017-04-29,16,11,12,12,field,LH Ferguson,11,runs,61.0
1082625,2017-04-29,24,4,8,4,bat,KH Pandya,8,tie,-1.0
1082626,2017-04-30,21,5,3,5,field,Sandeep Sharma,5,wickets,10.0
1082627,2017-04-30,22,13,7,7,field,DA Warner,13,runs,48.0
1082628,2017-05-01,32,8,12,12,bat,RG Sharma,8,wickets,5.0
1082629,2017-05-01,16,11,4,11,field,BA Stokes,11,wickets,5.0
1082630,2017-05-02,8,3,13,3,field,Mohammed Shami,3,wickets,6.0
1082631,2017-05-03,7,7,11,11,field,RA Tripathi,11,wickets,4.0
1082632,2017-05-04,8,3,4,3,field,RR Pant,3,wickets,7.0
1082633,2017-05-05,14,12,5,12,field,Sandeep Sharma,5,runs,19.0
1082634,2017-05-06,22,13,11,13,field,JD Unadkat,11,runs,12.0
1082635,2017-05-06,8,3,8,3,field,LMP Simmons,8,runs,146.0
1082636,2017-05-07,14,12,7,7,field,SP Narine,7,wickets,6.0
1082637,2017-05-07,21,5,4,4,field,DR Smith,4,wickets,6.0
1082638,2017-05-08,22,13,8,8,bat,S Dhawan,13,wickets,7.0
1082639,2017-05-09,21,5,7,7,field,MM Sharma,5,runs,14.0
1082640,2017-05-10,9,4,3,3,field,SS Iyer,3,wickets,2.0
1082641,2017-05-11,32,8,5,8,field,WP Saha,5,runs,7.0
1082642,2017-05-12,8,3,11,3,bat,KK Nair,3,runs,7.0
1082643,2017-05-13,9,4,13,13,field,Mohammed Siraj,13,wickets,8.0
1082644,2017-05-13,7,7,8,7,field,AT Rayudu,8,runs,9.0
1082645,2017-05-14,16,11,5,11,field,JD Unadkat,11,wickets,9.0
1082646,2017-05-14,8,3,12,12,bat,HV Patel,12,runs,10.0
1082647,2017-05-16,32,8,11,8,field,Washington Sundar,11,runs,20.0
1082648,2017-05-17,14,13,7,7,field,NM Coulter-Nile,7,wickets,7.0
1082649,2017-05-19,14,8,7,8,field,KV Sharma,8,wickets,6.0
1082650,2017-05-21,22,8,11,8,bat,KH Pandya,8,runs,1.0
1136561,2018-04-07,32,8,0,0,field,DJ Bravo,0,wickets,1.0
1136562,2018-04-08,21,5,3,5,field,KL Rahul,5,wickets,6.0
1136563,2018-04-08,7,7,12,7,field,SP Narine,7,wickets,4.0
1136564,2018-04-09,22,13,10,13,field,S Dhawan,13,wickets,9.0
1136565,2018-04-10,15,0,7,0,field,SW Billings,0,wickets,5.0
1136566,2018-04-11,25,10,3,3,field,SV Samson,10,runs,10.0
1136567,2018-04-12,22,13,8,13,field,Rashid Khan,13,wickets,1.0
1136568,2018-04-13,14,12,5,12,field,UT Yadav,12,wickets,4.0
1136569,2018-04-14,32,8,3,3,field,JJ Roy,3,wickets,7.0
1136570,2018-04-14,7,7,13,13,field,B Stanlake,13,wickets,5.0
1136571,2018-04-15,14,12,10,12,field,SV Samson,10,runs,19.0
1136572,2018-04-15,21,5,0,0,field,CH Gayle,5,runs,4.0
1136573,2018-04-16,7,7,3,3,field,N Rana,7,runs,71.0
1136574,2018-04-17,32,8,12,12,field,RG Sharma,8,runs,46.0
1136575,2018-04-18,25,10,7,7,field,N Rana,7,wickets,7.0
1136576,2018-04-19,21,5,13,5,bat,CH Gayle,5,runs,15.0
1136577,2018-04-20,16,0,10,10,field,SR Watson,0,runs,64.0
1136578,2018-04-21,7,7,5,5,field,KL Rahul,5,wickets,9.0
1136579,2018-04-21,14,12,3,12,field,AB de Villiers,12,wickets,6.0
1136580,2018-04-22,22,13,0,13,field,AT Rayudu,0,runs,4.0
1136581,2018-04-22,25,10,8,8,bat,JC Archer,10,wickets,3.0
1136582,2018-04-23,8,3,5,3,field,AS Rajpoot,5,runs,4.0
1136583,2018-04-24,32,8,13,8,field,Rashid Khan,13,runs,31.0
1136584,2018-04-25,14,12,0,0,field,MS Dhoni,0,wickets,5.0
1136585,2018-04-26,22,13,5,5,field,AS Rajpoot,13,runs,13.0
1136586,2018-04-27,8,3,7,7,field,SS Iyer,3,runs,55.0
1136587,2018-04-28,16,0,8,8,field,RG Sharma,8,wickets,8.0
1136588,2018-04-29,25,10,13,13,bat,KS Williamson,13,runs,11.0
1136589,2018-04-29,14,12,7,7,field,CA Lynn,7,wickets,6.0
1136590,2018-04-30,16,0,3,3,field,SR Watson,0,runs,13.0
1136591,2018-05-01,14,12,8,8,field,TG Southee,12,runs,14.0
1136592,2018-05-02,8,3,10,10,field,RR Pant,3,runs,4.0
1136593,2018-05-03,7,7,0,7,field,SP Narine,7,wickets,6.0
1136594,2018-05-04,11,5,8,8,field,SA Yadav,8,wickets,6.0
1136595,2018-05-05,16,0,12,0,field,RA Jadeja,0,wickets,6.0
1136596,2018-05-05,22,13,3,3,bat,Rashid Khan,13,wickets,7.0
1136597,2018-05-06,32,8,7,7,field,HH Pandya,8,runs,13.0
1136598,2018-05-06,11,5,10,5,field,Mujeeb Ur Rahman,5,wickets,6.0
1136599,2018-05-07,22,13,12,12,field,KS Williamson,13,runs,5.0
1136600,2018-05-08,25,10,5,10,bat,JC Buttler,10,runs,15.0
1136601,2018-05-09,7,7,8,7,field,Ishan Kishan,8,runs,102.0
1136602,2018-05-10,8,3,13,3,bat,S Dhawan,13,wickets,9.0
1136603,2018-05-11,25,10,0,0,bat,JC Buttler,10,wickets,4.0
1136604,2018-05-12,11,5,7,5,field,SP Narine,7,runs,31.0
1136605,2018-05-12,8,3,12,12,field,AB de Villiers,12,wickets,5.0
1136606,2018-05-13,16,0,13,0,field,AT Rayudu,0,wickets,8.0
1136607,2018-05-13,32,8,10,10,field,JC Buttler,10,wickets,7.0
1136608,2018-05-14,11,5,12,12,field,UT Yadav,12,wickets,10.0
1136609,2018-05-15,7,7,10,7,field,Kuldeep Yadav,7,wickets,6.0
1136610,2018-05-16,32,8,5,5,field,JJ Bumrah,8,runs,3.0
1136611,2018-05-17,14,12,13,13,field,AB de Villiers,12,runs,14.0
1136612,2018-05-18,8,3,0,0,field,HV Patel,3,runs,34.0
1136613,2018-05-19,25,10,12,10,bat,S Gopal,10,runs,30.0
1136614,2018-05-19,22,13,7,13,bat,CA Lynn,7,wickets,5.0
1136615,2018-05-20,8,3,8,3,bat,A Mishra,3,runs,11.0
1136616,2018-05-20,16,0,5,0,field,L Ngidi,0,wickets,5.0
1136617,2018-05-22,32,13,0,0,field,F du Plessis,0,wickets,2.0
1136618,2018-05-23,7,7,10,10,field,AD Russell,7,runs,25.0
1136619,2018-05-25,7,7,13,7,field,Rashid Khan,13,runs,14.0
1136620,2018-05-27,32,0,13,0,field,SR Watson,0,wickets,8.0
1175356,2019-03-23,15,0,12,0,field,Harbhajan Singh,0,wickets,7.0
1175357,2019-03-24,7,7,13,7,field,AD Russell,7,wickets,6.0
1175358,2019-03-24,32,8,2,8,field,RR Pant,2,runs,37.0
1175359,2019-03-25,25,10,5,10,field,CH Gayle,5,runs,14.0
1175360,2019-03-26,8,2,0,2,bat,SR Watson,0,wickets,6.0
1175361,2019-03-27,7,7,5,5,field,AD Russell,7,runs,28.0
1175362,2019-03-28,14,12,8,12,field,JJ Bumrah,8,runs,6.0
1175363,2019-03-29,22,13,10,10,bat,Rashid Khan,13,wickets,5.0
1175364,2019-03-30,21,5,8,5,field,MA Agarwal,5,wickets,8.0
1175365,2019-03-30,8,2,7,2,field,PP Shaw,2,tie,-1.0
1175366,2019-03-31,22,13,12,12,field,JM Bairstow,13,runs,118.0
1175367,2019-03-31,15,0,10,10,field,MS Dhoni,0,runs,8.0
1175368,2019-04-01,21,5,2,2,field,SM Curran,5,runs,14.0
1175369,2019-04-02,25,10,12,10,field,S Gopal,10,wickets,7.0
1175370,2019-04-03,32,8,0,0,field,HH Pandya,8,runs,37.0
1175371,2019-04-04,8,2,13,13,field,JM Bairstow,13,wickets,5.0
1175372,2019-04-05,14,12,7,7,field,AD Russell,7,wickets,5.0
1178393,2019-04-06,15,0,5,0,bat,Harbhajan Singh,0,runs,22.0
1178394,2019-04-06,22,13,8,13,field,AS Joseph,8,runs,40.0
1178395,2019-04-07,14,12,2,2,field,K Rabada,2,wickets,4.0
1178396,2019-04-07,25,10,7,7,field,HF Gurney,7,wickets,8.0
1178397,2019-04-08,21,5,13,5,field,KL Rahul,5,wickets,6.0
1178398,2019-04-09,15,0,7,0,field,DL Chahar,0,wickets,7.0
1178399,2019-04-10,32,8,5,8,field,KA Pollard,8,wickets,3.0
1178400,2019-04-11,25,10,0,0,field,MS Dhoni,0,wickets,4.0
1178401,2019-04-12,7,7,2,2,field,S Dhawan,2,wickets,7.0
1178402,2019-04-13,32,8,10,10,field,JC Buttler,10,wickets,4.0
1178403,2019-04-13,21,5,12,12,field,AB de Villiers,12,wickets,8.0
1178404,2019-04-14,7,7,0,0,field,Imran Tahir,0,wickets,5.0
1178405,2019-04-14,22,13,2,13,field,KMA Paul,2,runs,39.0
1178406,2019-04-15,32,8,12,8,field,SL Malinga,8,wickets,5.0
1178407,2019-04-16,21,5,10,10,field,R Ashwin,5,runs,12.0
1178408,2019-04-17,22,13,0,0,bat,DA Warner,13,wickets,6.0
1178409,2019-04-18,8,2,8,8,bat,HH Pandya,8,runs,40.0
1178410,2019-04-19,7,7,12,7,field,V Kohli,12,runs,10.0
1178411,2019-04-20,25,10,8,10,field,SPD Smith,10,wickets,5.0
1178412,2019-04-20,8,2,5,2,field,SS Iyer,2,wickets,5.0
1178413,2019-04-21,22,13,7,13,field,KK Ahmed,13,wickets,9.0
1178414,2019-04-21,14,12,0,0,field,PA Patel,12,runs,1.0
1178415,2019-04-22,25,10,2,2,field,RR Pant,2,wickets,6.0
1178416,2019-04-23,15,0,13,0,field,SR Watson,0,wickets,6.0
1178417,2019-04-24,14,12,5,5,field,AB de Villiers,12,runs,17.0
1178418,2019-04-25,7,7,10,10,field,VR Aaron,10,wickets,3.0
1178419,2019-04-26,15,0,8,0,field,RG Sharma,8,runs,46.0
1178420,2019-04-27,25,10,13,10,field,JD Unadkat,10,wickets,7.0
1178421,2019-04-28,8,2,12,2,bat,S Dhawan,2,runs,16.0
1178422,2019-04-28,7,7,8,8,field,AD Russell,7,runs,34.0
1178423,2019-04-29,22,13,5,5,field,DA Warner,13,runs,45.0
1178424,2019-04-30,14,12,10,10,field,,,,-1.0
1178425,2019-05-01,15,0,2,2,field,MS Dhoni,0,runs,80.0
1178426,2019-05-02,32,8,13,8,bat,JJ Bumrah,8,tie,-1.0
1178427,2019-05-03,21,5,7,7,field,Shubman Gill,7,wickets,7.0
1178428,2019-05-04,8,2,10,10,bat,A Mishra,2,wickets,5.0
1178429,2019-05-04,14,12,13,12,field,SO Hetmyer,12,wickets,4.0
1178430,2019-05-05,21,5,0,5,field,KL Rahul,5,wickets,6.0
1178431,2019-05-05,32,8,7,8,field,HH Pandya,8,wickets,9.0
1181764,2019-05-07,15,8,0,0,bat,SA Yadav,8,wickets,6.0
1181766,2019-05-08,5,2,13,2,field,RR Pant,2,wickets,2.0
1181767,2019-05-10,5,0,2,0,field,F du Plessis,0,wickets,6.0
1181768,2019-05-12,22,8,0,8,bat,JJ Bumrah,8,runs,1.0
1216492,2020-09-19,28,8,0,0,field,AT Rayudu,0,wickets,5.0
1216493,2020-09-20,6,2,5,5,field,MP Stoinis,2,tie,-1.0
1216494,2020-10-21,28,7,12,7,bat,Mohammed Siraj,12,wickets,8.0
1216495,2020-11-03,27,8,13,13,field,S Nadeem,13,wickets,10.0
1216496,2020-09-22,27,10,0,0,field,SV Samson,10,runs,16.0
1216497,2020-10-24,28,7,2,2,field,CV Varun,7,runs,59.0
1216498,2020-10-24,6,5,13,13,field,CJ Jordan,5,runs,12.0
1216499,2020-10-28,28,12,8,8,field,SA Yadav,8,wickets,5.0
1216500,2020-10-09,27,2,10,10,field,R Ashwin,2,runs,46.0
1216501,2020-10-07,28,7,0,7,bat,RA Tripathi,7,runs,10.0
1216502,2020-10-31,27,12,13,13,field,Sandeep Sharma,13,wickets,5.0
1216503,2020-10-01,28,8,5,5,field,KA Pollard,8,runs,48.0
1216504,2020-09-30,6,7,10,10,field,Shivam Mavi,7,runs,37.0
1216505,2020-11-02,28,12,2,2,field,A Nortje,2,wickets,6.0
1216506,2020-11-01,28,5,0,0,field,RD Gaikwad,0,wickets,9.0
1216507,2020-10-11,6,13,10,13,bat,R Tewatia,10,wickets,5.0
1216508,2020-09-23,28,8,7,7,field,RG Sharma,8,runs,49.0
1216509,2020-10-17,27,0,2,0,bat,S Dhawan,2,wickets,5.0
1216510,2020-09-24,6,5,12,12,field,KL Rahul,5,runs,97.0
1216511,2020-10-06,28,8,10,8,bat,SA Yadav,8,runs,57.0
1216512,2020-10-18,28,7,13,13,field,LH Ferguson,7,tie,-1.0
1216513,2020-10-04,6,5,0,5,bat,SR Watson,0,wickets,10.0
1216514,2020-10-03,28,10,12,10,bat,YS Chahal,12,wickets,8.0
1216515,2020-10-03,27,2,7,7,field,SS Iyer,2,runs,18.0
1216516,2020-10-02,6,13,0,13,bat,PK Garg,13,runs,7.0
1216517,2020-10-18,6,8,5,8,bat,KL Rahul,5,tie,-1.0
1216518,2020-10-22,6,10,13,13,field,MK Pandey,13,wickets,8.0
1216519,2020-10-05,6,2,12,12,field,AR Patel,2,runs,59.0
1216520,2020-10-26,27,7,5,5,field,CH Gayle,5,wickets,8.0
1216521,2020-10-23,27,0,8,8,field,TA Boult,8,wickets,10.0
1216522,2020-10-17,6,10,12,10,bat,AB de Villiers,12,wickets,7.0
1216523,2020-10-10,28,7,5,7,bat,KD Karthik,7,runs,2.0
1216524,2020-10-27,6,13,2,2,field,WP Saha,13,runs,88.0
1216525,2020-10-10,6,12,0,12,bat,V Kohli,12,runs,37.0
1216526,2020-10-16,28,7,8,7,bat,Q de Kock,8,wickets,8.0
1216527,2020-09-27,27,5,10,10,field,SV Samson,10,wickets,4.0
1216528,2020-10-13,6,0,13,0,bat,RA Jadeja,0,runs,20.0
1216529,2020-10-11,28,2,8,2,bat,Q de Kock,8,wickets,5.0
1216530,2020-11-01,6,7,10,10,field,PJ Cummins,7,runs,60.0
1216531,2020-10-15,27,12,5,12,bat,KL Rahul,5,wickets,8.0
1216532,2020-09-29,28,13,2,2,field,Rashid Khan,13,runs,15.0
1216533,2020-10-19,28,0,10,0,bat,JC Buttler,10,wickets,7.0
1216534,2020-09-21,6,12,13,13,field,YS Chahal,12,runs,10.0
1216535,2020-10-31,6,2,8,8,field,Ishan Kishan,8,wickets,9.0
1216536,2020-10-29,6,7,0,0,field,RD Gaikwad,0,wickets,6.0
1216537,2020-10-30,28,5,10,10,field,BA Stokes,10,wickets,7.0
1216538,2020-10-04,27,8,13,8,bat,TA Boult,8,runs,34.0
1216539,2020-09-25,6,2,0,0,field,PP Shaw,2,runs,44.0
1216540,2020-10-12,27,12,7,12,bat,AB de Villiers,12,runs,82.0
1216541,2020-10-25,28,8,10,8,bat,BA Stokes,10,wickets,8.0
1216542,2020-10-08,6,13,5,13,bat,JM Bairstow,13,runs,69.0
1216543,2020-10-14,6,2,10,2,bat,A Nortje,2,runs,13.0
1216544,2020-10-25,6,12,0,12,bat,RD Gaikwad,0,wickets,8.0
1216545,2020-09-26,28,13,7,13,bat,Shubman Gill,7,wickets,7.0
1216546,2020-10-20,6,2,5,2,bat,S Dhawan,5,wickets,5.0
1216547,2020-09-28,6,12,8,8,field,AB de Villiers,12,tie,-1.0
1237177,2020-11-05,6,8,2,2,field,JJ Bumrah,8,runs,57.0
1237178,2020-11-06,28,12,13,13,field,KS Williamson,13,wickets,6.0
1237180,2020-11-08,28,2,13,2,bat,MP Stoinis,2,runs,17.0
1237181,2020-11-10,6,2,8,2,bat,TA Boult,8,wickets,5.0
